﻿<parameters>
  <parameter name="IIS Web Application Name" defaultValue="site/2279" tags="IisApp">
    <parameterEntry kind="ProviderPath" scope="IisApp" match="^C:\\Users\\ThinkServer\\Documents\\Los\ Rios\ College\\LRC-NET-Framework\\obj\\Debug\\Package\\PackageTmp$" />
    <parameterEntry kind="ProviderPath" scope="setAcl" match="^C:\\Users\\ThinkServer\\Documents\\Los\ Rios\ College\\LRC-NET-Framework\\obj\\Debug\\Package\\PackageTmp$" />
  </parameter>
  <parameter name="DefaultConnection-Web.config Connection String" defaultValue="Data Source=(LocalDb)\MSSQLLocalDB;AttachDbFilename=|DataDirectory|\aspnet-LRC-NET-Framework-20180316070307.mdf;Initial Catalog=aspnet-LRC-NET-Framework-20180316070307;Integrated Security=True">
    <parameterEntry kind="XmlFile" scope="C:\\Users\\ThinkServer\\Documents\\Los\ Rios\ College\\LRC-NET-Framework\\obj\\Debug\\Package\\PackageTmp\\Web\.config$" match="/configuration/connectionStrings/add[@name='DefaultConnection']/@connectionString" />
  </parameter>
  <parameter name="LRCEntities-Web.config Connection String" defaultValue="metadata=res://*/DBModelContext.csdl|res://*/DBModelContext.ssdl|res://*/DBModelContext.msl;provider=System.Data.SqlClient;provider connection string=&quot;data source=THINKSERVER-PC\SQLEXPRESS;initial catalog=LRC;persist security info=True;user id=sa;password=zasada21;MultipleActiveResultSets=True;App=EntityFramework&quot;">
    <parameterEntry kind="XmlFile" scope="C:\\Users\\ThinkServer\\Documents\\Los\ Rios\ College\\LRC-NET-Framework\\obj\\Debug\\Package\\PackageTmp\\Web\.config$" match="/configuration/connectionStrings/add[@name='LRCEntities']/@connectionString" />
  </parameter>
</parameters>