﻿<parameters>
  <parameter name="IIS Web Application Name" defaultValue="2279" tags="IisApp">
    <parameterEntry kind="ProviderPath" scope="IisApp" match="^C:\\Users\\ThinkServer\\Documents\\Los\ Rios\ College\\LRC-NET-Framework\\obj\\Release\\Package\\PackageTmp$" />
    <parameterEntry kind="ProviderPath" scope="setAcl" match="^C:\\Users\\ThinkServer\\Documents\\Los\ Rios\ College\\LRC-NET-Framework\\obj\\Release\\Package\\PackageTmp$" />
  </parameter>
  <parameter name="DefaultConnection-Web.config Connection String" defaultValue="" />
  <parameter name="LRCEntities-Web.config Connection String" defaultValue="metadata=res://*/DBModelContext.csdl|res://*/DBModelContext.ssdl|res://*/DBModelContext.msl;provider=System.Data.SqlClient;provider connection string=&quot;Data Source=THINKSERVER-PC\SQLEXPRESS;Initial Catalog=LRC;Persist Security Info=True;User ID=sa;Password=zasada21&quot;">
    <parameterEntry kind="XmlFile" scope="C:\\Users\\ThinkServer\\Documents\\Los\ Rios\ College\\LRC-NET-Framework\\obj\\Release\\Package\\PackageTmp\\Web\.config$" match="/configuration/connectionStrings/add[@name='LRCEntities']/@connectionString" />
  </parameter>
</parameters>